variable,count,mean,std,min,25%,50%,75%,max,original
dummy1,1000.0,-0.00014468690316869594,0.010834090038579264,-0.0340266297488867,-0.00801452743947975,-0.00020911394344739999,0.00745297375605905,0.0380354280974373,-0.0105924488349984
dummy2,1000.0,9.196308644398641e-05,0.010328189996341386,-0.0347048684537085,-0.00703170803290545,0.00026408302727125,0.00697153384913615,0.0331909706621686,0.0004505684567188
x1,1000.0,-0.027981689587289468,2.9623984449887937,-11.7810702448097,-1.938242531232118,-0.0630458801205091,1.8248586204906185,28.20165274250859,28.20165274250859
x2,1000.0,0.18024115703495386,7.724686493936584,-23.308334540554466,-4.810066542764815,-0.02089639122468625,4.979474969852227,75.05077540302958,75.05077540302958
x3,1000.0,-0.014325404923693124,1.8980661145838071,-5.666624124819609,-1.303190717246783,-0.0008504299561238006,1.1786518985235819,17.755037988728546,17.755037988728546
